<Schema name="bike_sales">
	<Dimension type="TimeDimension" visible="true" highCardinality="false" name="Date">
		<Hierarchy name="Days" visible="true" hasAll="true" primaryKey="DateKey">
			<Table name="Dim_Date">
			</Table>
			<Level name="Year" visible="true" table="Dim_Date" column="CalendarYear" type="String" uniqueMembers="false"
			       levelType="TimeYears" hideMemberIf="Never">
			</Level>
			<Level name="Month" visible="true" table="Dim_Date" column="MonthNumberOfYear" type="String" uniqueMembers="false"
			       levelType="TimeMonths" hideMemberIf="Never">
			</Level>
			<Level name="Day" visible="true" table="Dim_Date" column="DayNumberOfMonth" type="String" uniqueMembers="false"
			       levelType="TimeDays" hideMemberIf="Never">
			</Level>
		</Hierarchy>
	</Dimension>
	<Dimension type="StandardDimension" visible="true" highCardinality="false" name="Location">
		<Hierarchy name="Territory" visible="true" hasAll="true" primaryKey="LocationKey">
			<Table name="Dim_Location">
			</Table>
			<Level name="Country" visible="true" table="Dim_Location" column="Country" type="String" uniqueMembers="false"
			       levelType="Regular" hideMemberIf="Never">
			</Level>
			<Level name="Region" visible="true" table="Dim_Location" column="Region" type="String" uniqueMembers="false"
			       levelType="Regular" hideMemberIf="Never">
			</Level>
		</Hierarchy>
	</Dimension>
	<Dimension type="StandardDimension" visible="true" highCardinality="false" name="Product">
		<Hierarchy name="ProductCategory" visible="true" hasAll="true" primaryKey="ProductKey">
			<Table name="Dim_Product">
			</Table>
			<Level name="TopCategory" visible="true" table="Dim_Product" column="ProductTopCategoryName" type="String"
			       uniqueMembers="false" levelType="Regular" hideMemberIf="Never">
			</Level>
			<Level name="SubCategory" visible="true" table="Dim_Product" column="ProductSubCategoryName" type="String"
			       uniqueMembers="false" levelType="Regular" hideMemberIf="Never">
			</Level>
		</Hierarchy>
	</Dimension>
	<Dimension type="StandardDimension" visible="true" highCardinality="false" name="Customer">
		<Hierarchy name="Age" visible="true" hasAll="true" primaryKey="CustomerKey">
			<Table name="Dim_Customer">
			</Table>
			<Level name="Age" visible="true" table="Dim_Customer" column="Age" type="String" uniqueMembers="false"
			       levelType="Regular" hideMemberIf="Never">
			</Level>
		</Hierarchy>
		<Hierarchy name="Gender" visible="true" hasAll="true" primaryKey="CustomerKey">
			<Table name="Dim_Customer">
			</Table>
			<Level name="Gender" visible="true" table="Dim_Customer" column="Gender" type="String" uniqueMembers="false"
			       levelType="Regular" hideMemberIf="Never">
			</Level>
		</Hierarchy>
		<Hierarchy name="FullName" visible="true" hasAll="true" primaryKey="CustomerKey">
			<Table name="Dim_Customer">
			</Table>
			<Level name="FullName" visible="true" table="Dim_Customer" column="FullName" type="String" uniqueMembers="false"
			       levelType="Regular" hideMemberIf="Never">
			</Level>
		</Hierarchy>
	</Dimension>
	<Cube name="bike_sales" caption="Cube for bike sales" visible="true" cache="true" enabled="true">
		<Table name="Fact_InternetSales">
		</Table>
		<DimensionUsage source="Customer" name="Customer" visible="true" foreignKey="CustomerKey" highCardinality="false">
		</DimensionUsage>
		<DimensionUsage source="Product" name="Product" visible="true" foreignKey="ProductKey" highCardinality="false">
		</DimensionUsage>
		<DimensionUsage source="Location" name="ShippedTo" visible="true" foreignKey="ShipToLocationKey"
		                highCardinality="false">
		</DimensionUsage>
		<DimensionUsage source="Date" name="OrderDate" visible="true" foreignKey="OrderDateKey" highCardinality="false">
		</DimensionUsage>
		<Measure name="Quantity" column="OrderQty" aggregator="sum" visible="true">
		</Measure>
		<Measure name="Revenue" column="OrderLineTotal" formatString="Currency" aggregator="sum" visible="true">
		</Measure>
		<Measure name="Profit" column="OrderLineProfit" formatString="Currency" aggregator="sum" visible="true">
		</Measure>
		<Measure name="TaxAmount" column="OrderLineTaxAmt" formatString="Currency" aggregator="sum" visible="true">
		</Measure>
		<Measure name="ShippingCost" column="OrderLineShippingCost" formatString="Currency" aggregator="sum" visible="true">
		</Measure>
	</Cube>
</Schema>